Source,Business Name,Phone,Address
Google Maps,Park at Crossroads Business Park,(562) 692-9581,"13300 Crossroads Pkwy N, City of Industry, CA 91746"
Google Maps,Denver Central Business Park,,"4910 Fox St, Denver, CO 80216"
Google Maps,Mapleton industrial park,,"6311-6321 Washington St, Thornton, CO 80229"
Google Maps,MOAB BUSINESS PARK,(801) 918-9035,"11850 S Hwy 191 unit b-9, Moab, UT 84532"
Google Maps,Welby Business Park,(303) 288-4201,"2200 E 76th Ave, Denver, CO 80229"
Google Maps,Broomfield Business Park,,"2150 W 6th Ave, Broomfield, CO 80020"
Google Maps,Oxford/Santa Fe Business Park,,"1800 W Oxford Ave, Sheridan, CO 80110"
Google Maps,Iliff Business Park,,"7770 E Iliff Ave, Denver, CO 80231"
Google Maps,Arapahoe Business Park,,"Centennial, CO 80112"
Google Maps,Turnpike Business Park,,"7100 Broadway, Denver, CO 80221"
Google Maps,Walnut Creek Business Park,,"Westminster, CO 80021"
Google Maps,Mitchelldalle Business Park,,"5151 Mitchelldale St, Houston, TX 77092"
Google Maps,Buckley Industrial Park,,"595 Nucla Way, Aurora, CO 80011"
Google Maps,Oxford Federal Business Park,,"2895 W Oxford Ave, Sheridan, CO 80110"
Google Maps,Havana Business Park,,"10500 Havana Ct, Brighton, CO 80601"
Google Maps,Dry Creek Business Park,,"7300-7348 S Alton Way, Centennial, CO 80112"
Google Maps,Fillmore Business Park,,"929 E Fillmore St, Colorado Springs, CO 80907"
Google Maps,Valley Business Park,,"12150 W 44th Ave, Wheat Ridge, CO 80033"
Google Maps,Denver West Business Park,(303) 232-8100,"1546 Cole Blvd, Lakewood, CO 80401"
Google Maps,6th Avenue West Business Park,,"W 6th Ave, Lakewood, CO 80401"
